{
    "Get Daily Tatsumaki Credits" : [
        1540748162.8148127,
        "t!daily",
        "357792275658702848",
        "no",
        "on",
        172800.0
    ],
    "Rep Siren" : [
        1540661762.9840736,
        "t!rep <@118049477205557254>",
        "357792275658702848",
        "yes",
        "on",
        86400.0
    ]
}
