{
    "Get Daily Tatsumaki Credits" : [
        1540748162.8148127,
        "t!daily",
        "555111376922738704",
        "no",
        "on",
        25920000.0
    ],
    "Rep Siren" : [
        1540661762.9840736,
        "t!rep <@118049477205557254>",
        "555111376922738704",
        "yes",
        "on",
        25920000.0
    ]
}
